	Cell Size	Act Cube Size	Cube Size Set	Clusters	Lower lim	Upper lim	Slope - Vlos	Error - Slope - Vlos	Intercept - Vlos	Scatter - Vlos
0	10000.0	500000.0	500000.0	70.0	30000000000000.0	50000000000000.0	0.7413457859878454	0.06	74.96608265774813	33.03673214246767
1	10000.0	500000.0	500000.0	70.0	50000000000000.0	70000000000000.0	0.7832108667135836	0.07	81.08728661656409	37.16105747138706
2	10000.0	500000.0	500000.0	70.0	70000000000000.0	90000000000000.0	0.758272508247854	0.06	93.78054919461627	47.80347010389919
3	10000.0	500000.0	500000.0	70.0	90000000000000.0	100000000000000.0	0.7175012617484369	0.06	34.11540254091892	44.264976568380966
4	10000.0	500000.0	500000.0	70.0	100000000000000.0	200000000000000.0	0.7829843481105166	0.07	60.6370791448627	46.646450889167944
5	10000.0	500000.0	500000.0	70.0	200000000000000.0	700000000000000.0	0.8001689208235212	0.07	63.07816048896222	44.733371506136066
