	Cell Size	Act Cube Size	Cube Size Set	Clusters	Lower lim	Upper lim	Slope - Vlos	Error - Slope - Vlos	Intercept - Vlos	Scatter - Vlos
0	10000.0	500000.0	500000.0	140.0	30000000000000.0	50000000000000.0	0.7303373409756114	0.04	69.43930372876989	26.101093838490705
1	10000.0	500000.0	500000.0	140.0	50000000000000.0	70000000000000.0	0.718210540033225	0.04	68.95348405986367	27.945502596923404
2	10000.0	500000.0	500000.0	140.0	70000000000000.0	90000000000000.0	0.7665714808172122	0.04	79.11932283947759	27.591487246048946
3	10000.0	500000.0	500000.0	140.0	90000000000000.0	100000000000000.0	0.7878765874416188	0.04	36.27119962613564	29.751395328977953
4	10000.0	500000.0	500000.0	140.0	100000000000000.0	200000000000000.0	0.7891030473140771	0.05	67.80899344523787	31.863996836544494
5	10000.0	500000.0	500000.0	140.0	200000000000000.0	700000000000000.0	0.8457638712094406	0.05	58.07102772730724	37.01769305604786
